t,lat,lon,heading_deg,speed_mps,yaw_rate_dps
0.000,39.96025677,-83.00068095,0.00,9.000,0.0
0.100,39.96026485,-83.00068095,0.00,9.000,0.0
0.200,39.96027294,-83.00068095,0.00,9.000,0.0
0.300,39.96028102,-83.00068095,0.00,9.000,0.0
0.400,39.96028911,-83.00068095,0.00,9.000,0.0
0.500,39.96029719,-83.00068095,0.00,9.000,0.0
0.600,39.96030528,-83.00068095,0.00,9.000,0.0
0.700,39.96031336,-83.00068095,0.00,9.000,0.0
0.800,39.96032145,-83.00068095,0.00,9.000,0.0
0.900,39.96032953,-83.00068095,0.00,9.000,0.0
1.000,39.96033762,-83.00068095,0.00,9.000,0.0
1.100,39.96034570,-83.00068095,0.00,9.000,0.0
1.200,39.96035379,-83.00068095,0.00,9.000,0.0
1.300,39.96036187,-83.00068095,0.00,9.000,0.0
1.400,39.96036996,-83.00068095,0.00,9.000,0.0
1.500,39.96037804,-83.00068095,0.00,9.000,0.0
1.600,39.96038613,-83.00068095,0.00,9.000,0.0
1.700,39.96039421,-83.00068095,0.00,9.000,0.0
1.800,39.96040230,-83.00068095,0.00,9.000,0.0
1.900,39.96041038,-83.00068095,0.00,9.000,0.0
2.000,39.96041847,-83.00068095,0.00,9.000,0.0
2.100,39.96042655,-83.00068095,0.00,9.000,0.0
2.200,39.96043464,-83.00068095,0.00,9.000,0.0
2.300,39.96044272,-83.00068095,0.00,9.000,0.0
2.400,39.96045081,-83.00068095,0.00,9.000,0.0
2.500,39.96045889,-83.00068095,0.00,9.000,0.0
2.600,39.96046697,-83.00068095,0.00,9.000,0.0
2.700,39.96047506,-83.00068095,0.00,9.000,0.0
2.800,39.96048314,-83.00068095,0.00,9.000,0.0
2.900,39.96049123,-83.00068095,0.00,9.000,0.0
3.000,39.96049931,-83.00068095,0.00,9.000,0.0
3.100,39.96050740,-83.00068095,0.00,9.000,0.0
3.200,39.96051548,-83.00068095,0.00,9.000,0.0
3.300,39.96052357,-83.00068095,0.00,9.000,0.0
3.400,39.96053165,-83.00068095,0.00,9.000,0.0
3.500,39.96053974,-83.00068095,0.00,9.000,0.0
3.600,39.96054782,-83.00068095,0.00,9.000,0.0
3.700,39.96055591,-83.00068095,0.00,9.000,0.0
3.800,39.96056399,-83.00068095,0.00,9.000,0.0
3.900,39.96057208,-83.00068095,0.00,9.000,0.0
4.000,39.96058016,-83.00068095,0.00,9.000,0.0
4.100,39.96058825,-83.00068095,0.00,9.000,0.0
4.200,39.96059633,-83.00068095,0.00,9.000,0.0
4.300,39.96060442,-83.00068095,0.00,9.000,0.0
4.400,39.96061250,-83.00068095,0.00,9.000,0.0
4.500,39.96062059,-83.00068095,0.00,9.000,0.0
4.600,39.96062867,-83.00068095,0.00,9.000,0.0
4.700,39.96063676,-83.00068095,0.00,9.000,0.0
4.800,39.96064484,-83.00068095,0.00,9.000,0.0
4.900,39.96065293,-83.00068095,0.00,9.000,0.0
5.000,39.96066101,-83.00068095,0.00,9.000,0.0
5.100,39.96066910,-83.00068095,0.00,9.000,0.0
5.200,39.96067718,-83.00068095,0.00,9.000,0.0
5.300,39.96068527,-83.00068095,0.00,9.000,0.0
5.400,39.96069335,-83.00068095,0.00,9.000,0.0
5.500,39.96070144,-83.00068095,0.00,9.000,0.0
5.600,39.96070952,-83.00068095,0.00,9.000,0.0
5.700,39.96071760,-83.00068095,0.00,9.000,0.0
5.800,39.96072569,-83.00068095,0.00,9.000,0.0
5.900,39.96073377,-83.00068095,0.00,9.000,0.0
6.000,39.96074186,-83.00068095,0.00,9.000,0.0
6.100,39.96074994,-83.00068095,0.00,9.000,0.0
6.200,39.96075803,-83.00068095,0.00,9.000,0.0
6.300,39.96076611,-83.00068095,0.00,9.000,0.0
6.400,39.96077420,-83.00068095,0.00,9.000,0.0
6.500,39.96078228,-83.00068095,0.00,9.000,0.0
6.600,39.96079037,-83.00068095,0.00,9.000,0.0
6.700,39.96079845,-83.00068095,0.00,9.000,0.0
6.800,39.96080654,-83.00068095,0.00,9.000,0.0
6.900,39.96081462,-83.00068095,0.00,9.000,0.0
7.000,39.96082271,-83.00068095,0.00,9.000,0.0
7.100,39.96083079,-83.00068095,0.00,9.000,0.0
7.200,39.96083888,-83.00068095,0.00,9.000,0.0
7.300,39.96084696,-83.00068095,0.00,9.000,0.0
7.400,39.96085505,-83.00068095,0.00,9.000,0.0
7.500,39.96086313,-83.00068095,0.00,9.000,0.0
7.600,39.96087122,-83.00068095,0.00,9.000,0.0
7.700,39.96087930,-83.00068095,0.00,9.000,0.0
7.800,39.96088739,-83.00068095,0.00,9.000,0.0
7.900,39.96089547,-83.00068095,0.00,9.000,0.0
8.000,39.96090356,-83.00068095,0.00,9.000,0.0
8.100,39.96091164,-83.00068095,0.00,9.000,0.0
8.200,39.96091973,-83.00068095,0.00,9.000,0.0
8.300,39.96092781,-83.00068095,0.00,9.000,0.0
8.400,39.96093590,-83.00068095,0.00,9.000,0.0
8.500,39.96094398,-83.00068095,0.00,9.000,0.0
8.600,39.96095206,-83.00068095,0.00,9.000,0.0
8.700,39.96096015,-83.00068095,0.00,9.000,0.0
8.800,39.96096823,-83.00068095,0.00,9.000,0.0
8.900,39.96097632,-83.00068095,0.00,9.000,0.0
9.000,39.96098440,-83.00068095,0.00,9.000,0.0
9.100,39.96099249,-83.00068095,0.00,9.000,0.0
9.200,39.96100057,-83.00068095,0.00,9.000,0.0
9.300,39.96100866,-83.00068095,0.00,9.000,0.0
9.400,39.96101674,-83.00068095,0.00,9.000,0.0
9.500,39.96102483,-83.00068095,0.00,9.000,0.0
9.600,39.96103291,-83.00068095,0.00,9.000,0.0
9.700,39.96104100,-83.00068095,0.00,9.000,0.0
9.800,39.96104908,-83.00068095,0.00,9.000,0.0
9.900,39.96105717,-83.00068095,0.00,9.000,0.0
10.000,39.96106525,-83.00068095,0.00,9.000,0.0
10.100,39.96107334,-83.00068095,0.00,9.000,0.0
10.200,39.96108142,-83.00068095,0.00,9.000,0.0
10.300,39.96108951,-83.00068095,0.00,9.000,0.0
10.400,39.96109759,-83.00068095,0.00,9.000,0.0
10.500,39.96110568,-83.00068095,0.00,9.000,0.0
10.600,39.96111376,-83.00068095,0.00,9.000,0.0
10.700,39.96112185,-83.00068095,0.00,9.000,0.0
10.800,39.96112993,-83.00068095,0.00,9.000,0.0
10.900,39.96113802,-83.00068095,0.00,9.000,0.0
11.000,39.96114610,-83.00068095,0.00,9.000,0.0
11.100,39.96115419,-83.00068095,0.00,9.000,0.0
11.200,39.96116227,-83.00068095,0.00,9.000,0.0
11.300,39.96117036,-83.00068095,0.00,9.000,0.0
11.400,39.96117844,-83.00068095,0.00,9.000,0.0
11.500,39.96118653,-83.00068095,0.00,9.000,0.0
11.600,39.96119461,-83.00068095,0.00,9.000,0.0
11.700,39.96120269,-83.00068095,0.00,9.000,0.0
11.800,39.96121078,-83.00068095,0.00,9.000,0.0
11.900,39.96121886,-83.00068095,0.00,9.000,0.0
12.000,39.96122695,-83.00068095,0.00,9.000,0.0
12.100,39.96123503,-83.00068095,0.00,9.000,0.0
12.200,39.96124312,-83.00068095,0.00,9.000,0.0
12.300,39.96125120,-83.00068095,0.00,9.000,0.0
12.400,39.96125929,-83.00068095,0.00,9.000,0.0
12.500,39.96126737,-83.00068095,0.00,9.000,0.0
12.600,39.96127546,-83.00068095,0.00,9.000,0.0
12.700,39.96128354,-83.00068095,0.00,9.000,0.0
12.800,39.96129163,-83.00068095,0.00,9.000,0.0
12.900,39.96129971,-83.00068095,0.00,9.000,0.0
13.000,39.96130780,-83.00068095,0.00,9.000,0.0
13.100,39.96131588,-83.00068095,0.00,9.000,0.0
13.200,39.96132397,-83.00068095,0.00,9.000,0.0
13.300,39.96133205,-83.00068095,0.00,9.000,0.0
13.400,39.96134014,-83.00068095,0.00,9.000,0.0
13.500,39.96134822,-83.00068095,0.00,9.000,0.0
13.600,39.96135631,-83.00068095,0.00,9.000,0.0
13.700,39.96136439,-83.00068095,0.00,9.000,0.0
13.800,39.96137248,-83.00068095,0.00,9.000,0.0
13.900,39.96138056,-83.00068095,0.00,9.000,0.0
14.000,39.96138865,-83.00068095,0.00,9.000,0.0
14.100,39.96139673,-83.00068095,0.00,9.000,0.0
14.200,39.96140482,-83.00068095,0.00,9.000,0.0
14.300,39.96141290,-83.00068095,0.00,9.000,0.0
14.400,39.96142099,-83.00068095,0.00,9.000,0.0
14.500,39.96142907,-83.00068095,0.00,9.000,0.0
14.600,39.96143716,-83.00068095,0.00,9.000,0.0
14.700,39.96144524,-83.00068095,0.00,9.000,0.0
